Vial #,MMSN,Field ID,Bluber Depth,Age class,time,Yr,Mo,Da,Month,Latitude N,Longitude W,State,Carcass Condition,Body condition,Adjusted_BC,Sex,COD -assigned,Lipid Content,Cortisol ng/g,OD CV %,Corticosterone ng/g,OD CV %,Aldosterone,OD CV %
59,WDFW,201730,Surface,Immature,Pre-UME,2017,5,2,May,46.33,-124.08,WA,3,Excellent,Good,M,Entanglement,28.76,6.4,7,3,,0.518,1.8
87,PSU,190430,Surface,Adult,UME 2019,2019,4,30,April,46.37,-124.07,WA,3,Fair,Fair,F,Undetermined,2.6,3.2,1.2,0.16,,0.058,0.72
95,PSU,190417,Surface,Adult,UME 2019,2019,4,17,April,46.6,-124.07,WA,2.5,Fair,Fair,F,Trauma,16.39,1.9,0.9,0.52,,0.074,5.7
57,PSU,180413,Surface,Immature,Pre-UME,2018,4,15,April,46.63,-124.07,WA,3.5,Good,Good,M,Entanglement,59.3,1.2,4.3,0.54,0.24,0.147,3.6
73,PSU,190402,Surface,Adult,UME 2019,2019,4,2,April,46.65,-124.07,WA,2.5,Fair,Fair,F,Undetermined,24.15,3.3,0.4,0.33,,0.095,3.78
76,WDFW,2019047,Surface,Immature,UME 2019,2019,6,3,June,46.73,-124.09,WA,3,Poor,Poor,M,Nutritional stress,2.21,1,1.6,0.16,,0.038,8.75
22859,CRC,1278,Surface,Adult,Pre-UME,2013,7,30,July,46.81,-124.1,WA,3,Fair,Fair,F,Trauma,2.29,8.9,,0.27,,0.295,1.06
19299,CRC,1587,Surface,Immature,Pre-UME,2017,5,24,May,46.83,-124.11,WA,3,Good,Good,F,Trauma,13.1,43.9,,1.67,,0.411,3.78
67,CRC,1724,Surface,Adult,UME 2019,2019,5,16,May,46.86,-124.11,WA,2.5,Poor,Poor,F,Nutritional stress,5.9,0.1,0.2,0.39,,0.051,2.36
79,CRC,1732,Surface,Adult,UME 2019,2019,6,1,June,46.86,-124.12,WA,2.5,Poor,Poor,M,Nutritional stress,23.88,0.6,4.2,0.44,,0.037,4.28
70,CRC,1714,Surface,Immature,UME 2019,2019,4,18,April,46.96,-124.18,WA,3.5,Poor,Poor,F,Undetermined,18.65,2.1,5.5,3.17,,1.523,0.83
21/55,CRC,1665,Surface,Immature,Pre-UME,2018,6,28,June,47.02,-124.16,WA,2,Poor,Poor,F,Trauma,50.35,14.2,,21.66,,0.715,6.22
65,CRC,1723,Surface,Immature,UME 2019,2019,5,15,May,47.05,-124.18,WA,3,Poor,Poor,F,Nutritional stress,12.74,8.3,1.7,4.65,,2.345,8
82,CRC,1720,Surface,Immature,UME 2019,2019,5,9,May,47.06,-124.18,WA,2.5,Poor,Poor,M,Trauma,4.59,1.1,4.9,3.6,,0.092,0.23
18629,CRC,1429,Surface,Immature,Pre-UME,2014,8,20,August,47.08,-124.18,WA,3,Good,Good,F,Undetermined,,2.7,,1.51,,0.813,3
90,CRC,1740,Surface,Adult,UME 2019,2019,7,6,July,47.12,-122.91,WA,2.5,Poor,Poor,M,Nutritional stress,13.42,5.7,4.6,0.22,,0.112,4.7
20546,CRC,1149,Surface,Adult,Pre-UME,2011,4,20,April,47.18,-124.2,WA,3.5,Fair,Fair,F,Nutritional stress,0.64,2.4,,0.94,,0.247,0.13
92,WDFW,2019017,Surface,Immature,UME 2019,2019,2,23,February,47.19,-122.79,WA,2,Poor,Poor,F,Nutritional stress,36.4,32.1,5,2.97,,0.202,5.96
19511,CRC,1650,Surface,Adult,Pre-UME,2018,4,20,April,47.27,-124.23,WA,3,Poor,Poor,F,Undetermined,,10.3,,1.69,,0.085,2.4
34/58,CRC,1035,Surface,Adult,Pre-UME,2010,4,14,April,47.5,-122.39,WA,2,Fair,Fair,M,Trauma,0.99,5.3,,0.18,,0.149,5.5
29/54,CRC,1524,Surface,Immature,Pre-UME,2016,4,30,April,47.53,-122.42,WA,2.5,Poor,Poor,F,Trauma,,16.2,,1.5,,0.099,3.24
16/61,CRC,1652,Surface,Adult,Pre-UME,2018,5,8,May,47.56,-124.36,WA,4,Poor,Poor,F,Undetermined,,4,,7.85,,14.449,4.53
84,CRC,1712,Surface,Adult,UME 2019,2019,4,14,April,47.59,-122.34,WA,2.5,Poor,Poor,M,Nutritional stress,5.37,1.5,3.4,0.19,4.9,0.052,7.68
63,WDFW,2011090,Surface,Immature,Pre-UME,2011,7,27,July,47.61,-122.69,WA,2,Poor,Poor,M,Trauma,1.57,16.5,1.8,,,,
14/64,CRC,1593,Surface,Immature,Pre-UME,2017,7,19,July,47.71,-124.42,WA,3,Good,Good,F,Trauma,,18.8,1.6,0.62,,0.609,3.02
98,CRC,1727,Surface,Adult,UME 2019,2019,5,26,May,47.95,-122.65,WA,2.5,Fair,Fair,M,Nutritional stress,3.48,1.5,3.3,2.08,,0.132,2.9
101,CRC,SKMMR2019-5-Er,Surface,Adult,UME 2019,2019,5,5,May,47.96,-122.26,WA,3,Poor,Poor,F,Undetermined,11.3,10.3,8.8,2.59,,0.355,5.97
26/60,CRC,1585,Surface,Adult,Pre-UME,2017,5,10,May,48.75,-122.54,WA,2.5,Fair-Poor,Fair,F,Undetermined,,,,4.81,,0.437,2.21
116,AKMMSN,2019100,Surface,Immature,UME 2019,2019,6,16,June,56.36,-132.16,AK,3,Good,Good,M,Nutritional stress,15.47,9.7,3.5,0.46,3.12,0.082,7.2
108,AKMMSN,2019198,Surface,Adult,UME 2019,2019,5,9,May,57.44,-152.43,AK,2,Good,Good,M,Predation,,1.6,0.9,0.17,,0.039,4.1
106,AKMMSN,2018088,Surface,Adult,Pre-UME,2018,6,28,June,57.47,-152.48,AK,3.5,Poor,Poor,F,Trauma,,1.2,8.5,0.12,1.66,0.028,6.18
110,AKMMSN,2018158,Surface,Unknown,Pre-UME,2018,8,2,August,57.47,-152.48,AK,4,NA,NA,F,Predation,11.3,0.8,0.2,0.58,,0.312,2.97
114,AKMMSN,2019031,Surface,Adult,UME 2019,2019,5,14,May,60.38,-145.95,AK,3,Good/Fair,Good,F,Nutritional stress,27.24,4.9,2.4,0.56,10.64,0.093,5.9
122,AKMMSN,2017109,Surface,Unknown,Pre-UME,2017,7,28,July,60.79,-161.76,AK,2,NA,NA,F,Predation,,2.8,3.7,0.11,,,
119,AKMMSN,2019018,Surface,Adult,UME 2019,2019,5,9,May,60.82,-149,AK,3.5,Good/Fair,Good,M,Nutritional stress,56.9,10.3,10.3,0.46,,0.165,3.3